{
    "EN 1993-1-1 per EN 10025-2": {
        "steel": {
            "S235": {
                "IsDefault": false,
                "MassDensity": 7849.047732127159,
                "YoungModulus": 210000000000.0,
                "PoissonRatio": 0.3,
                "ThermalExpansionCoefficient": 1.17e-05,
                "YieldStress": 235000000.0,
                "UltimateStress": 360000000.0
            },
            "S275": {
                "IsDefault": false,
                "MassDensity": 7849.047732127159,
                "YoungModulus": 210000000000.0,
                "PoissonRatio": 0.3,
                "ThermalExpansionCoefficient": 1.17e-05,
                "YieldStress": 275000000.0,
                "UltimateStress": 430000000.0
            },
            "S355": {
                "IsDefault": true,
                "MassDensity": 7849.047732127159,
                "YoungModulus": 210000000000.0,
                "PoissonRatio": 0.3,
                "ThermalExpansionCoefficient": 1.17e-05,
                "YieldStress": 355000000.0,
                "UltimateStress": 510000000.0
            },
            "S450": {
                "IsDefault": false,
                "MassDensity": 7849.047732127159,
                "YoungModulus": 210000000000.0,
                "PoissonRatio": 0.3,
                "ThermalExpansionCoefficient": 1.17e-05,
                "YieldStress": 440000000.0,
                "UltimateStress": 550000000.0
            }
        },
        "concrete": {},
        "coldformed": {},
        "aluminum": {},
        "rebar": {},
        "tendon": {}
    },
    "EN 1992-1-1 per EN 206-1": {
        "steel": {},
        "concrete": {
            "C12/15": {
                "IsDefault": false,
                "MassDensity": 2548.5377432660493,
                "YoungModulus": 27000000000.0,
                "PoissonRatio": 0.2,
                "ThermalExpansionCoefficient": 1e-05,
                "CompressiveStrength": 12000000.0
            },
            "C16/20": {
                "IsDefault": false,
                "MassDensity": 2548.5377432660493,
                "YoungModulus": 29000000000.0,
                "PoissonRatio": 0.2,
                "ThermalExpansionCoefficient": 1e-05,
                "CompressiveStrength": 16000000.0
            },
            "C20/25": {
                "IsDefault": false,
                "MassDensity": 2548.5377432660493,
                "YoungModulus": 30000000000.0,
                "PoissonRatio": 0.2,
                "ThermalExpansionCoefficient": 1e-05,
                "CompressiveStrength": 20000000.0
            },
            "C25/30": {
                "IsDefault": false,
                "MassDensity": 2548.5377432660493,
                "YoungModulus": 31000000000.0,
                "PoissonRatio": 0.2,
                "ThermalExpansionCoefficient": 1e-05,
                "CompressiveStrength": 25000000.0
            },
            "C30/37": {
                "IsDefault": true,
                "MassDensity": 2548.5377432660493,
                "YoungModulus": 33000000000.0,
                "PoissonRatio": 0.2,
                "ThermalExpansionCoefficient": 1e-05,
                "CompressiveStrength": 30000000.0
            },
            "C35/45": {
                "IsDefault": false,
                "MassDensity": 2548.5377432660493,
                "YoungModulus": 34000000000.0,
                "PoissonRatio": 0.2,
                "ThermalExpansionCoefficient": 1e-05,
                "CompressiveStrength": 35000000.0
            },
            "C40/50": {
                "IsDefault": false,
                "MassDensity": 2548.5377432660493,
                "YoungModulus": 35000000000.0,
                "PoissonRatio": 0.2,
                "ThermalExpansionCoefficient": 1e-05,
                "CompressiveStrength": 40000000.0
            },
            "C45/55": {
                "IsDefault": false,
                "MassDensity": 2548.5377432660493,
                "YoungModulus": 36000000000.0,
                "PoissonRatio": 0.2,
                "ThermalExpansionCoefficient": 1e-05,
                "CompressiveStrength": 45000000.0
            },
            "C50/60": {
                "IsDefault": false,
                "MassDensity": 2548.5377432660493,
                "YoungModulus": 37000000000.0,
                "PoissonRatio": 0.2,
                "ThermalExpansionCoefficient": 1e-05,
                "CompressiveStrength": 50000000.0
            },
            "C55/67": {
                "IsDefault": false,
                "MassDensity": 2548.5377432660493,
                "YoungModulus": 38000000000.0,
                "PoissonRatio": 0.2,
                "ThermalExpansionCoefficient": 1e-05,
                "CompressiveStrength": 55000000.0
            },
            "C60/75": {
                "IsDefault": false,
                "MassDensity": 2548.5377432660493,
                "YoungModulus": 39000000000.0,
                "PoissonRatio": 0.2,
                "ThermalExpansionCoefficient": 1e-05,
                "CompressiveStrength": 60000000.0
            },
            "C70/85": {
                "IsDefault": false,
                "MassDensity": 2548.5377432660493,
                "YoungModulus": 41000000000.0,
                "PoissonRatio": 0.2,
                "ThermalExpansionCoefficient": 1e-05,
                "CompressiveStrength": 70000000.0
            },
            "C80/95": {
                "IsDefault": false,
                "MassDensity": 2548.5377432660493,
                "YoungModulus": 42000000000.0,
                "PoissonRatio": 0.2,
                "ThermalExpansionCoefficient": 1e-05,
                "CompressiveStrength": 80000000.0
            },
            "C90/105": {
                "IsDefault": false,
                "MassDensity": 2548.5377432660493,
                "YoungModulus": 44000000000.0,
                "PoissonRatio": 0.2,
                "ThermalExpansionCoefficient": 1e-05,
                "CompressiveStrength": 90000000.0
            }
        },
        "coldformed": {},
        "aluminum": {},
        "rebar": {},
        "tendon": {}
    },
    "EN 1993-1-3 per EN 10025-2": {
        "steel": {},
        "concrete": {},
        "coldformed": {
            "S355-CF": {
                "IsDefault": true,
                "MassDensity": 7849.047732127159,
                "YoungModulus": 210000000000.0,
                "PoissonRatio": 0.3,
                "ThermalExpansionCoefficient": 1.17e-05,
                "YieldStress": 355000000.0,
                "UltimateStress": 510000000.0
            }
        },
        "aluminum": {},
        "rebar": {},
        "tendon": {}
    }
}