{
    "ASTM A36": {
        "steel": {
            "A36": {
                "IsDefault": false,
                "MassDensity": 7849.047026312773,
                "YoungModulus": 199947960815.92163,
                "PoissonRatio": 0.3,
                "ThermalExpansionCoefficient": 1.170243410629411e-05,
                "YieldStress": 248211261.7025234,
                "UltimateStress": 399895921.63184327
            }
        },
        "concrete": {},
        "coldformed": {},
        "aluminum": {},
        "rebar": {},
        "tendon": {}
    },
    "ASTM A53": {
        "steel": {
            "A53GrB": {
                "IsDefault": false,
                "MassDensity": 7849.047026312773,
                "YoungModulus": 199947960815.92163,
                "PoissonRatio": 0.3,
                "ThermalExpansionCoefficient": 1.170243410629411e-05,
                "YieldStress": 241316504.43300888,
                "UltimateStress": 413685436.17087233
            }
        },
        "concrete": {},
        "coldformed": {},
        "aluminum": {},
        "rebar": {},
        "tendon": {}
    },
    "ASTM A500": {
        "steel": {
            "A500GrB42": {
                "IsDefault": false,
                "MassDensity": 7849.047026312773,
                "YoungModulus": 199947960815.92163,
                "PoissonRatio": 0.3,
                "ThermalExpansionCoefficient": 1.170243410629411e-05,
                "YieldStress": 289579805.31961066,
                "UltimateStress": 399895921.63184327
            },
            "A500GrB46": {
                "IsDefault": true,
                "MassDensity": 7849.047026312773,
                "YoungModulus": 199947960815.92163,
                "PoissonRatio": 0.3,
                "ThermalExpansionCoefficient": 1.170243410629411e-05,
                "YieldStress": 317158834.3976688,
                "UltimateStress": 399895921.63184327
            },
            "A500GrC": {
                "IsDefault": false,
                "MassDensity": 7849.047026312773,
                "YoungModulus": 199947960815.92163,
                "PoissonRatio": 0.3,
                "ThermalExpansionCoefficient": 1.170243410629411e-05,
                "YieldStress": 344737863.47572696,
                "UltimateStress": 427474950.70990145
            }
        },
        "concrete": {},
        "coldformed": {},
        "aluminum": {},
        "rebar": {},
        "tendon": {}
    },
    "ASTM A572": {
        "steel": {
            "A572Gr50": {
                "IsDefault": false,
                "MassDensity": 7849.047026312773,
                "YoungModulus": 199947960815.92163,
                "PoissonRatio": 0.3,
                "ThermalExpansionCoefficient": 1.170243410629411e-05,
                "YieldStress": 344737863.47572696,
                "UltimateStress": 448159222.5184451
            }
        },
        "concrete": {},
        "coldformed": {},
        "aluminum": {},
        "rebar": {},
        "tendon": {}
    },
    "ASTM A913": {
        "steel": {
            "A913Gr50": {
                "IsDefault": false,
                "MassDensity": 7849.047026312773,
                "YoungModulus": 199947960815.92163,
                "PoissonRatio": 0.3,
                "ThermalExpansionCoefficient": 1.170243410629411e-05,
                "YieldStress": 344737863.47572696,
                "UltimateStress": 413685436.17087233
            }
        },
        "concrete": {},
        "coldformed": {},
        "aluminum": {},
        "rebar": {},
        "tendon": {}
    },
    "ASTM A992": {
        "steel": {
            "A992Fy50": {
                "IsDefault": false,
                "MassDensity": 7849.047026312773,
                "YoungModulus": 199947960815.92163,
                "PoissonRatio": 0.3,
                "ThermalExpansionCoefficient": 1.170243410629411e-05,
                "YieldStress": 344737863.47572696,
                "UltimateStress": 448159222.5184451
            }
        },
        "concrete": {},
        "coldformed": {},
        "aluminum": {},
        "rebar": {},
        "tendon": {}
    },
    "ASTM A709": {
        "steel": {
            "A709Gr30": {
                "IsDefault": false,
                "MassDensity": 7849.047026312773,
                "YoungModulus": 199947960815.92163,
                "PoissonRatio": 0.3,
                "ThermalExpansionCoefficient": 1.170243410629411e-05,
                "YieldStress": 248211261.7025234,
                "UltimateStress": 399895921.63184327
            },
            "A709Gr50": {
                "IsDefault": true,
                "MassDensity": 7849.047026312773,
                "YoungModulus": 199947960815.92163,
                "PoissonRatio": 0.3,
                "ThermalExpansionCoefficient": 1.170243410629411e-05,
                "YieldStress": 344737863.47572696,
                "UltimateStress": 448159222.5184451
            },
            "A709Gr50S": {
                "IsDefault": false,
                "MassDensity": 7849.047026312773,
                "YoungModulus": 199947960815.92163,
                "PoissonRatio": 0.3,
                "ThermalExpansionCoefficient": 1.170243410629411e-05,
                "YieldStress": 344737863.47572696,
                "UltimateStress": 448159222.5184451
            },
            "A709Gr50W": {
                "IsDefault": false,
                "MassDensity": 7849.047026312773,
                "YoungModulus": 199947960815.92163,
                "PoissonRatio": 0.3,
                "ThermalExpansionCoefficient": 1.170243410629411e-05,
                "YieldStress": 344737863.47572696,
                "UltimateStress": 482633008.86601776
            },
            "A709GrHPS50W": {
                "IsDefault": false,
                "MassDensity": 7849.047026312773,
                "YoungModulus": 199947960815.92163,
                "PoissonRatio": 0.3,
                "ThermalExpansionCoefficient": 1.170243410629411e-05,
                "YieldStress": 344737863.47572696,
                "UltimateStress": 482633008.86601776
            },
            "A709GrHPS70W": {
                "IsDefault": false,
                "MassDensity": 7849.047026312773,
                "YoungModulus": 199947960815.92163,
                "PoissonRatio": 0.3,
                "ThermalExpansionCoefficient": 1.170243410629411e-05,
                "YieldStress": 482633008.86601776,
                "UltimateStress": 586054367.9087359
            },
            "A709GrHPS100W": {
                "IsDefault": false,
                "MassDensity": 7849.047026312773,
                "YoungModulus": 199947960815.92163,
                "PoissonRatio": 0.3,
                "ThermalExpansionCoefficient": 1.170243410629411e-05,
                "YieldStress": 620528154.2563086,
                "UltimateStress": 689475726.9514539
            }
        },
        "concrete": {},
        "coldformed": {},
        "aluminum": {},
        "rebar": {},
        "tendon": {}
    },
    "Customary": {
        "steel": {},
        "concrete": {
            "3000Psi": {
                "IsDefault": false,
                "MassDensity": 2402.769497973869,
                "YoungModulus": 21525560437.909603,
                "PoissonRatio": 0.2,
                "ThermalExpansionCoefficient": 9.901742706716382e-06,
                "CompressiveStrength": 20684271.80854362
            },
            "4000Psi": {
                "IsDefault": true,
                "MassDensity": 2402.769497973869,
                "YoungModulus": 24855575824.94947,
                "PoissonRatio": 0.2,
                "ThermalExpansionCoefficient": 9.901742706716382e-06,
                "CompressiveStrength": 27579029.078058157
            },
            "5000Psi": {
                "IsDefault": false,
                "MassDensity": 2402.769497973869,
                "YoungModulus": 27789379159.166595,
                "PoissonRatio": 0.2,